<?xml version="1.0" encoding="UTF-8"?>
<project-private xmlns="http://www.netbeans.org/ns/project-private/1">
    <editor-bookmarks xmlns="http://www.netbeans.org/ns/editor-bookmarks/2" lastBookmarkId="0"/>
    <open-files xmlns="http://www.netbeans.org/ns/projectui-open-files/2">
        <group>
            <file>file:/E:/Bakery_management_system_project/Bakery_management_system_project/src/net/codejava/sql/DataUtil.java</file>
            <file>file:/E:/Bakery_management_system_project/Bakery_management_system_project/src/project/gui/Login.java</file>
            <file>file:/E:/Bakery_management_system_project/Bakery_management_system_project/src/project/model/Orders.java</file>
            <file>file:/E:/Bakery_management_system_project/Bakery_management_system_project/src/bakery_management_system/Orders_class.java</file>
            <file>file:/E:/Bakery_management_system_project/Bakery_management_system_project/src/project/gui/HomeGui.java</file>
            <file>file:/E:/Bakery_management_system_project/Bakery_management_system_project/src/bakery_management_system/Customer_class.java</file>
            <file>file:/E:/Bakery_management_system_project/Bakery_management_system_project/src/project/gui/ResultSetModel.java</file>
            <file>file:/E:/Bakery_management_system_project/Bakery_management_system_project/src/bakery_management_system/Bakery_management_system.java</file>
            <file>file:/E:/Bakery_management_system_project/Bakery_management_system_project/src/project/gui/OrdersGui.java</file>
            <file>file:/E:/Bakery_management_system_project/Bakery_management_system_project/src/project/gui/CustomerGui.java</file>
            <file>file:/E:/Bakery_management_system_project/Bakery_management_system_project/src/project/model/OrdersProduct.java</file>
            <file>file:/E:/Bakery_management_system_project/Bakery_management_system_project/src/bakery_management_system/Product_orders.java</file>
            <file>file:/E:/Bakery_management_system_project/Bakery_management_system_project/src/project/gui/ProductGui.java</file>
            <file>file:/E:/Bakery_management_system_project/Bakery_management_system_project/src/project/model/Customer.java</file>
            <file>file:/E:/Bakery_management_system_project/Bakery_management_system_project/src/bakery_management_system/Product_class.java</file>
            <file>file:/E:/Bakery_management_system_project/Bakery_management_system_project/src/net/codejava/sql/Javatosql.java</file>
        </group>
    </open-files>
</project-private>
